annual_healthcare_expenditure_per_capita,gdp_per_capita_worldbank,nurses_and_midwives_per_1000_people,physicians_per_1000_people,prevalence_of_undernourishment,share_of_population_urban,share_without_improved_water,vaccination_coverage_who_unicef,years_of_schooling,world_regions_wb,world_income_group,Entity
661.3089,12525.081,4.314,1.285,4.4,55.387,2.984398,99.0,9.79798,Europe and Central Asia (WB),Upper-middle-income countries,Albania
720.8271,12832.212,,,4.5,56.423,2.9793777,99.0,9.76596,Europe and Central Asia (WB),Upper-middle-income countries,Albania
748.9791,13156.332,,,4.4,57.434,2.9792938,99.0,9.73394,Europe and Central Asia (WB),Upper-middle-income countries,Albania
806.71594,13692.479,3.656,1.219,4.3,58.421,2.983963,99.0,9.70192,Europe and Central Asia (WB),Upper-middle-income countries,Albania
832.9514,14155.04,,,4.3,59.383,2.9932556,99.0,9.6699,Europe and Central Asia (WB),Upper-middle-income countries,Albania
891.45447,14710.982,,,4.2,60.319,3.007019,99.0,9.71709,Europe and Central Asia (WB),Upper-middle-income countries,Albania
801.44775,14778.191,,,2.9,69.576,1.8001556,95.0,5.40406,"Middle East, North Africa, Afghanistan and Pakistan (WB)",Upper-middle-income countries,Algeria
867.79114,15073.763,,,2.7,70.221,1.6144638,95.0,5.58609,"Middle East, North Africa, Afghanistan and Pakistan (WB)",Upper-middle-income countries,Algeria
853.50793,15239.518,,,2.6,70.848,1.432663,95.0,5.76812,"Middle East, North Africa, Afghanistan and Pakistan (WB)",Upper-middle-income countries,Algeria
782.1357,15511.686,2.255,1.842,2.6,71.459,1.25457,91.0,5.95015,"Middle East, North Africa, Afghanistan and Pakistan (WB)",Upper-middle-income countries,Algeria
773.79047,15427.664,2.237,,2.5,72.052,1.0800934,91.0,6.13218,"Middle East, North Africa, Afghanistan and Pakistan (WB)",Upper-middle-income countries,Algeria
781.5744,15343.426,1.559,1.732,2.5,72.629,0.90905,91.0,6.31421,"Middle East, North Africa, Afghanistan and Pakistan (WB)",Upper-middle-income countries,Algeria
3269.7207,57332.16,,,,88.537,0.0,96.0,10.5625,Europe and Central Asia (WB),High-income countries,Andorra
3427.4148,59929.246,,,,88.441,0.0,97.0,10.59,Europe and Central Asia (WB),High-income countries,Andorra
3683.3738,62105.152,4.365,3.626,,88.345,0.0,97.0,10.51,Europe and Central Asia (WB),High-income countries,Andorra
3595.246,64402.81,,,,88.248,7.6293945e-06,98.0,10.49,Europe and Central Asia (WB),High-income countries,Andorra
3718.592,63239.656,,,,88.15,0.0,99.0,10.661667,Europe and Central Asia (WB),High-income countries,Andorra
4036.9253,63048.598,,,,88.062,7.6293945e-06,99.0,10.833333,Europe and Central Asia (WB),High-income countries,Andorra
208.74652,10150.916,,,13.2,62.002,34.49008,54.0,3.0687406,Sub-Saharan Africa (WB),Upper-middle-income countries,Angola
197.48933,10250.593,,,13.0,62.731,34.396584,55.0,3.13,Sub-Saharan Africa (WB),Upper-middle-income countries,Angola
189.3454,9980.93,,,14.0,63.446,34.314453,57.0,4.11691,Sub-Saharan Africa (WB),Upper-middle-income countries,Angola
1951.5256,29227.66,4.2463,3.9385,3.1,91.249,1.1358032,94.0,11.01,Latin America and Caribbean (WB),Upper-middle-income countries,Argentina
1887.9878,28200.814,,,2.8,91.377,1.0767517,94.0,11.08,Latin America and Caribbean (WB),High-income countries,Argentina
2040.3066,28669.207,,3.973,2.8,91.503,1.0176926,94.0,11.08,Latin America and Caribbean (WB),Upper-middle-income countries,Argentina
1987.3296,27802.105,2.573,3.987,3.0,91.627,0.9586258,92.0,11.06,Latin America and Caribbean (WB),Upper-middle-income countries,Argentina
2401.0913,28334.904,2.593,3.979,3.4,91.749,,88.0,11.18,Latin America and Caribbean (WB),High-income countries,Argentina
2388.695,27367.115,,,3.5,91.87,,86.0,11.3,Latin America and Caribbean (WB),Upper-middle-income countries,Argentina
4160.105,54699.35,12.01,3.374,2.5,85.502,0.090408325,91.0,12.04,East Asia and Pacific (WB),High-income countries,Australia
4657.6445,55288.117,12.18,3.45,2.5,85.602,0.038520813,92.0,12.13,East Asia and Pacific (WB),High-income countries,Australia
4782.245,55691.7,12.26,3.505,2.5,85.701,0.02999878,93.0,12.24,East Asia and Pacific (WB),High-income countries,Australia
5031.326,56341.52,12.44,3.577,2.5,85.8,0.030036926,94.0,12.36,East Asia and Pacific (WB),High-income countries,Australia
5104.522,56684.65,12.76,3.677,2.5,85.904,0.030059814,95.0,12.35,East Asia and Pacific (WB),High-income countries,Australia
5306.7617,57450.383,12.98,3.747,2.5,86.012,0.03010559,95.0,12.52,East Asia and Pacific (WB),High-income countries,Australia
549.32074,20398.646,6.484,3.373,2.5,54.145,8.027779,78.0,10.24,Europe and Central Asia (WB),Upper-middle-income countries,Azerbaijan
619.4754,20709.201,6.278,3.362,2.5,54.422,7.2230225,78.0,10.24,Europe and Central Asia (WB),Upper-middle-income countries,Azerbaijan
641.63995,20678.754,6.08,3.291,2.5,54.714,6.4234543,79.0,10.24,Europe and Central Asia (WB),Upper-middle-income countries,Azerbaijan
628.42096,19822.41,5.896,3.227,2.5,55.021,5.6296616,78.0,10.32,Europe and Central Asia (WB),Upper-middle-income countries,Azerbaijan
568.69617,19659.004,5.654,3.164,2.5,55.343,4.842201,76.0,10.3,Europe and Central Asia (WB),Upper-middle-income countries,Azerbaijan
552.7119,19781.852,5.732,3.2,2.5,55.68,4.061661,74.0,10.29,Europe and Central Asia (WB),Upper-middle-income countries,Azerbaijan
2320.7358,55376.402,2.61,0.994,,88.835,0.06653595,99.0,8.46,"Middle East, North Africa, Afghanistan and Pakistan (WB)",High-income countries,Bahrain
2294.7542,55065.82,2.54,0.976,,88.915,0.068473816,99.0,8.62,"Middle East, North Africa, Afghanistan and Pakistan (WB)",High-income countries,Bahrain
2271.8193,54149.914,2.512,0.932,,88.999,0.07041168,98.0,8.78,"Middle East, North Africa, Afghanistan and Pakistan (WB)",High-income countries,Bahrain
2170.1375,54107.074,2.346,0.842,,89.09,0.07234955,99.0,8.94,"Middle East, North Africa, Afghanistan and Pakistan (WB)",High-income countries,Bahrain
2170.3638,53859.773,,,,89.186,0.074287415,97.0,9.13,"Middle East, North Africa, Afghanistan and Pakistan (WB)",High-income countries,Bahrain
2054.2983,54893.074,,,,89.287,0.07622528,99.0,10.38,"Middle East, North Africa, Afghanistan and Pakistan (WB)",High-income countries,Bahrain
1161.5951,18695.684,,,2.5,31.429,1.278122,91.0,9.929263,Latin America and Caribbean (WB),High-income countries,Barbados
1081.8036,18665.178,,,2.5,31.328,1.2680893,94.0,9.966622,Latin America and Caribbean (WB),High-income countries,Barbados
1083.7604,18464.664,,,2.5,31.249,1.2580643,97.0,10.003982,Latin America and Caribbean (WB),High-income countries,Barbados
1114.8807,18754.666,,,2.5,31.193,1.2480316,97.0,10.072474,Latin America and Caribbean (WB),High-income countries,Barbados
1073.083,18740.35,,2.55,2.5,31.159,1.2380066,90.0,10.140965,Latin America and Caribbean (WB),High-income countries,Barbados
1052.7721,18484.697,3.136,,2.5,31.147,1.2279739,95.0,10.209457,Latin America and Caribbean (WB),High-income countries,Barbados
1079.4133,26147.625,10.55,4.719,2.5,76.199,0.4434433,98.0,11.496,Europe and Central Asia (WB),Upper-middle-income countries,Belarus
1021.5204,26564.436,10.69,4.877,2.5,76.693,0.45526123,97.0,11.6050005,Europe and Central Asia (WB),Upper-middle-income countries,Belarus
1094.5222,25513.213,10.71,5.051,2.5,77.181,0.4664154,99.0,11.714,Europe and Central Asia (WB),Upper-middle-income countries,Belarus
1047.9604,24846.83,10.65,4.277,2.5,77.661,0.47695923,98.0,11.823,Europe and Central Asia (WB),Upper-middle-income countries,Belarus
1053.1659,25503.98,10.67,4.33,2.5,78.134,0.4868927,97.0,11.932,Europe and Central Asia (WB),Upper-middle-income countries,Belarus
1069.2728,26363.463,10.7,4.386,2.5,78.595,0.49630737,97.0,12.040999,Europe and Central Asia (WB),Upper-middle-income countries,Belarus
882.04285,16369.425,,,20.8,65.572,3.1617126,95.0,9.43,Sub-Saharan Africa (WB),Upper-middle-income countries,Botswana
877.4573,17052.193,,,20.0,66.368,3.112564,95.0,9.68,Sub-Saharan Africa (WB),Upper-middle-income countries,Botswana
856.91724,15994.964,,,20.3,67.155,3.068039,95.0,9.93,Sub-Saharan Africa (WB),Upper-middle-income countries,Botswana
927.6252,16905.588,3.778,0.353,20.9,67.933,3.0280533,95.0,10.016,Sub-Saharan Africa (WB),Upper-middle-income countries,Botswana
1029.639,17352.896,,,22.0,68.7,2.99263,95.0,10.102,Sub-Saharan Africa (WB),Upper-middle-income countries,Botswana
986.7235,17825.02,3.119,0.377,22.0,69.446,2.9620743,95.0,10.188,Sub-Saharan Africa (WB),Upper-middle-income countries,Botswana
1259.4738,19241.506,7.538,1.876,2.6,85.209,2.108017,97.0,7.48,Latin America and Caribbean (WB),Upper-middle-income countries,Brazil
1337.4688,19183.172,8.758,,2.5,85.492,1.8594894,93.0,7.58,Latin America and Caribbean (WB),Upper-middle-income countries,Brazil
1331.8104,18357.068,9.076,,2.5,85.77,1.6169357,96.0,7.7,Latin America and Caribbean (WB),Upper-middle-income countries,Brazil
1326.0924,17620.928,9.32,,2.5,86.042,1.4699097,89.0,7.91,Latin America and Caribbean (WB),Upper-middle-income countries,Brazil
1396.6995,17724.48,9.706,2.158,2.5,86.309,1.1492691,83.0,8.05,Latin America and Caribbean (WB),Upper-middle-income countries,Brazil
1444.8805,17917.75,10.09,,2.5,86.569,0.9238739,87.0,8.18,Latin America and Caribbean (WB),Upper-middle-income countries,Brazil
1564.3124,86606.65,7.399,1.593,,75.997,0.09996796,99.0,8.786,East Asia and Pacific (WB),High-income countries,Brunei
1531.711,83310.62,6.192,1.486,,76.332,0.09996796,99.0,8.888,East Asia and Pacific (WB),High-income countries,Brunei
1467.0972,81910.19,6.54,1.754,,76.663,0.09996033,99.0,8.99,East Asia and Pacific (WB),High-income countries,Brunei
1408.5338,78880.625,6.378,,,76.99,0.09996033,99.0,9.038,East Asia and Pacific (WB),High-income countries,Brunei
1358.2114,78966.87,6.017,1.587,,77.312,0.09996033,99.0,9.086,East Asia and Pacific (WB),High-income countries,Brunei
1462.0198,78099.05,6.535,1.778,,77.629,0.09996033,99.0,9.134,East Asia and Pacific (WB),High-income countries,Brunei
1185.871,22945.514,4.808,3.864,4.1,73.313,0.6715164,95.0,11.04,Europe and Central Asia (WB),Upper-middle-income countries,Bulgaria
1349.4175,23446.406,4.772,3.898,4.1,73.651,0.70388794,88.0,11.12,Europe and Central Asia (WB),Upper-middle-income countries,Bulgaria
1354.8236,24553.145,4.743,3.968,4.0,73.99,0.7355423,91.0,11.26,Europe and Central Asia (WB),Upper-middle-income countries,Bulgaria
1491.4122,25626.824,4.724,4.04,4.1,74.329,0.76649475,92.0,11.32,Europe and Central Asia (WB),Upper-middle-income countries,Bulgaria
1602.6685,26681.43,4.756,4.122,3.4,74.669,0.79673004,92.0,11.33,Europe and Central Asia (WB),Upper-middle-income countries,Bulgaria
1680.7957,27739.502,4.741,4.162,3.0,75.008,0.82627106,92.0,11.39,Europe and Central Asia (WB),Upper-middle-income countries,Bulgaria
4597.034,54712.18,9.575,2.4509,2.5,81.178,0.7673111,91.0,13.648,North America (WB),High-income countries,Canada
4679.8994,55723.484,9.854,2.4961,2.5,81.218,0.7690201,91.0,13.692,North America (WB),High-income countries,Canada
4775.611,55660.867,9.935,2.5388,2.5,81.259,0.7707825,91.0,13.736,North America (WB),High-income countries,Canada
5105.8125,55606.156,9.993,2.3105,2.5,81.3,0.7726059,91.0,13.78,North America (WB),High-income countries,Canada
5245.3164,56612.33,10.04,2.6102,2.5,81.35,0.77446747,91.0,13.811999,North America (WB),High-income countries,Canada
5437.048,57337.492,9.997,2.428,2.5,81.411,0.7763672,91.0,13.844,North America (WB),High-income countries,Canada
1659.6466,27291.357,2.174,1.887,3.4,87.246,0.95961,91.0,9.88,Latin America and Caribbean (WB),High-income countries,Chile
1768.5422,27505.049,9.403,2.036,3.3,87.303,0.7257538,95.0,10.0,Latin America and Caribbean (WB),High-income countries,Chile
1876.4171,27811.375,10.9,2.159,3.3,87.36,0.4935074,96.0,10.12,Latin America and Caribbean (WB),High-income countries,Chile
1990.2151,27958.729,11.28,2.31,3.2,87.422,0.26280975,95.0,10.299999,Latin America and Caribbean (WB),High-income countries,Chile
2208.5618,27892.994,12.4,2.455,3.1,87.49,0.034553528,93.0,10.48,Latin America and Caribbean (WB),High-income countries,Chile
2315.518,28492.662,13.34,2.595,3.0,87.564,0.0,95.0,10.657816,Latin America and Caribbean (WB),High-income countries,Chile
556.532,13080.829,2.023,1.661,2.5,53.013,7.8691025,99.0,6.7425036,East Asia and Pacific (WB),Upper-middle-income countries,China
592.1189,13968.581,2.169,1.715,2.5,54.259,7.0685043,99.0,6.780005,East Asia and Pacific (WB),Upper-middle-income countries,China
632.44714,14856.78,2.326,1.8,2.5,55.5,6.30175,99.0,6.8175063,East Asia and Pacific (WB),Upper-middle-income countries,China
663.267,15772.765,2.502,1.891,2.5,56.736,5.568634,99.0,6.855007,East Asia and Pacific (WB),Upper-middle-income countries,China
710.703,16757.973,2.697,2.006,2.5,57.96,4.8695374,99.0,6.8925085,East Asia and Pacific (WB),Upper-middle-income countries,China
788.72144,17806.791,2.892,2.124,2.5,59.152,4.205345,99.0,6.93001,East Asia and Pacific (WB),Upper-middle-income countries,China
1420.102,28401.686,6.13,2.995,2.5,55.706,,96.0,10.884212,Europe and Central Asia (WB),High-income countries,Croatia
1475.1685,28460.73,6.101,3.105,2.5,55.923,,95.0,11.024666,Europe and Central Asia (WB),High-income countries,Croatia
1553.3097,29471.752,6.16,3.156,2.5,56.155,,94.0,11.056058,Europe and Central Asia (WB),High-income countries,Croatia
1692.2312,30824.86,6.652,6.394,2.5,56.403,,93.0,11.19913,Europe and Central Asia (WB),Upper-middle-income countries,Croatia
1798.329,32351.873,6.854,6.624,2.5,56.667,,92.0,11.301269,Europe and Central Asia (WB),High-income countries,Croatia
1943.0848,33730.875,6.939,6.766,2.5,56.947,,93.0,11.464317,Europe and Central Asia (WB),High-income countries,Croatia
2225.8323,,8.07,7.393,2.5,76.827,3.5027542,99.0,11.384333,Latin America and Caribbean (WB),Upper-middle-income countries,Cuba
2711.5532,,8.011,7.551,2.5,76.861,3.3816452,99.0,11.278666,Latin America and Caribbean (WB),Upper-middle-income countries,Cuba
3194.384,,7.937,7.759,2.5,76.896,3.2608948,99.0,11.172998,Latin America and Caribbean (WB),Upper-middle-income countries,Cuba
2509.01,,7.853,7.949,2.5,76.93,3.1406097,99.0,11.067331,Latin America and Caribbean (WB),Upper-middle-income countries,Cuba
2486.272,,7.731,8.123,2.5,76.977,3.0201797,99.0,10.961664,Latin America and Caribbean (WB),Upper-middle-income countries,Cuba
2506.443,,7.568,8.429,2.5,77.037,2.8998566,99.0,10.855997,Latin America and Caribbean (WB),Upper-middle-income countries,Cuba
2309.5388,39317.555,8.41,3.688,2.5,73.29,0.12589264,98.0,12.35,Europe and Central Asia (WB),High-income countries,Czechia
2471.6316,40158.016,8.347,3.9345,2.5,73.384,0.11998749,97.0,12.4,Europe and Central Asia (WB),High-income countries,Czechia
2488.4006,42066.574,8.433,3.9516,2.5,73.477,0.119903564,97.0,12.47,Europe and Central Asia (WB),High-income countries,Czechia
2671.8787,43069.465,8.331,4.0194,2.5,73.57,0.11982727,96.0,12.53,Europe and Central Asia (WB),High-income countries,Czechia
2853.6086,45177.523,8.928,4.0676,2.5,73.675,0.11974335,96.0,12.59,Europe and Central Asia (WB),High-income countries,Czechia
3075.2056,46301.082,8.989,4.074,2.5,73.792,0.119644165,97.0,12.650001,Europe and Central Asia (WB),High-income countries,Czechia
4837.0903,60583.406,10.26,3.842,2.5,87.292,0.0,94.0,12.9,Europe and Central Asia (WB),High-income countries,Denmark
4952.499,61047.332,10.25,3.872,2.5,87.41,0.0,94.0,12.21,Europe and Central Asia (WB),High-income countries,Denmark
5094.6133,61893.246,10.26,3.934,2.5,87.526,0.0,93.0,12.78,Europe and Central Asia (WB),High-income countries,Denmark
5347.7637,63299.336,10.33,4.014,2.5,87.642,0.0,94.0,13.32,Europe and Central Asia (WB),High-income countries,Denmark
5605.8228,64815.73,10.43,4.129,2.5,87.757,0.0,98.0,13.2,Europe and Central Asia (WB),High-income countries,Denmark
5816.9194,65694.76,10.51,4.215,2.5,87.874,0.0,97.0,13.08,Europe and Central Asia (WB),High-income countries,Denmark
552.53687,17282.637,6.817,,6.1,68.982,4.5793457,97.0,9.159476,Latin America and Caribbean (WB),Upper-middle-income countries,Dominica
580.02576,17520.855,6.931,,6.4,69.28,4.5793457,97.0,9.266099,Latin America and Caribbean (WB),Upper-middle-income countries,Dominica
581.07056,16920.912,6.814,,7.0,69.579,4.5793457,98.0,9.372722,Latin America and Caribbean (WB),Upper-middle-income countries,Dominica
627.2126,17364.078,6.805,,8.0,69.88,4.5793457,99.0,9.479345,Latin America and Caribbean (WB),Upper-middle-income countries,Dominica
646.23126,16314.2295,6.193,1.136,9.4,70.181,4.5793457,91.0,9.585968,Latin America and Caribbean (WB),Upper-middle-income countries,Dominica
779.71155,16877.125,6.511,1.116,10.1,70.483,,94.0,9.692591,Latin America and Caribbean (WB),Upper-middle-income countries,Dominica
604.85614,16054.768,1.24,,9.2,76.749,3.4050064,83.0,7.73,Latin America and Caribbean (WB),Upper-middle-income countries,Dominican Republic
637.05115,16993.588,1.249,,8.4,77.67,3.3180466,91.0,7.88,Latin America and Caribbean (WB),Upper-middle-income countries,Dominican Republic
685.86993,17973.188,1.248,,7.4,78.566,3.2356873,85.0,8.02,Latin America and Caribbean (WB),Upper-middle-income countries,Dominican Republic
726.5498,18968.975,1.104,,6.7,79.436,3.1578827,87.0,9.31,Latin America and Caribbean (WB),Upper-middle-income countries,Dominican Republic
741.14417,19501.875,1.125,,6.0,80.277,3.0847244,84.0,9.287924,Latin America and Caribbean (WB),Upper-middle-income countries,Dominican Republic
737.60846,20662.848,1.292,1.429,5.8,81.074,3.0170822,87.0,9.265846,Latin America and Caribbean (WB),Upper-middle-income countries,Dominican Republic
762.6796,13689.152,1.944,1.654,8.2,63.125,8.034485,87.0,8.18,Latin America and Caribbean (WB),Upper-middle-income countries,Ecuador
796.08466,14064.799,2.192,1.692,8.2,63.261,7.3851547,83.0,8.27,Latin America and Caribbean (WB),Upper-middle-income countries,Ecuador
838.34344,13881.57,2.515,1.814,8.5,63.398,6.736458,78.0,8.63,Latin America and Caribbean (WB),Upper-middle-income countries,Ecuador
817.6135,13586.516,2.863,2.064,9.1,63.534,6.08873,83.0,8.64,Latin America and Caribbean (WB),Upper-middle-income countries,Ecuador
877.0139,14179.153,2.842,2.234,10.1,63.67,5.586464,85.0,8.71,Latin America and Caribbean (WB),Upper-middle-income countries,Ecuador
928.4782,14083.507,2.516,2.345,11.1,63.821,5.2693024,85.0,8.74,Latin America and Caribbean (WB),Upper-middle-income countries,Ecuador
456.37714,32894.37,,,,69.544,33.417557,53.0,,Sub-Saharan Africa (WB),High-income countries,Equatorial Guinea
473.84772,31765.9,,,,70.083,33.150528,53.0,,Sub-Saharan Africa (WB),High-income countries,Equatorial Guinea
452.2891,27797.795,,,,70.616,32.886467,40.0,,Sub-Saharan Africa (WB),Upper-middle-income countries,Equatorial Guinea
471.34955,24435.064,,,,71.138,32.62786,53.0,,Sub-Saharan Africa (WB),Upper-middle-income countries,Equatorial Guinea
500.39984,22250.44,0.437,0.35,,71.646,32.376183,56.0,,Sub-Saharan Africa (WB),Upper-middle-income countries,Equatorial Guinea
482.1795,20165.48,0.27,,,72.143,,59.0,,Sub-Saharan Africa (WB),Upper-middle-income countries,Equatorial Guinea
1722.0983,34838.363,5.963,3.335,2.5,68.122,0.45620728,94.0,13.92,Europe and Central Asia (WB),High-income countries,Estonia
1839.7273,36090.492,6.081,3.361,2.5,68.269,0.2818756,93.0,13.93,Europe and Central Asia (WB),High-income countries,Estonia
1938.4668,36729.81,6.355,3.417,2.5,68.416,0.108810425,93.0,13.96,Europe and Central Asia (WB),High-income countries,Estonia
2098.4634,37854.844,6.436,3.456,2.5,68.563,0.08476257,93.0,13.95,Europe and Central Asia (WB),High-income countries,Estonia
2234.2908,39939.457,6.537,3.468,2.5,68.717,0.06085205,93.0,14.01,Europe and Central Asia (WB),High-income countries,Estonia
2441.5564,41273.2,6.636,3.483,2.5,68.88,0.036842346,92.0,14.14,Europe and Central Asia (WB),High-income countries,Estonia
312.29663,11019.299,2.751,0.773,7.1,53.706,4.0316544,99.0,10.102,East Asia and Pacific (WB),Upper-middle-income countries,Fiji
360.93036,11621.13,,,6.9,54.216,4.0025406,99.0,10.249,East Asia and Pacific (WB),Upper-middle-income countries,Fiji
390.22943,12131.092,2.858,0.814,7.1,54.726,3.9730453,99.0,10.396,East Asia and Pacific (WB),Upper-middle-income countries,Fiji
393.21332,12419.826,,,7.5,55.235,3.9432297,95.0,10.542999,East Asia and Pacific (WB),Upper-middle-income countries,Fiji
408.74185,13090.501,,,7.2,55.742,3.9131622,91.0,10.69,East Asia and Pacific (WB),Upper-middle-income countries,Fiji
560.7882,13612.952,3.245,,6.3,56.248,3.882782,94.0,10.62586,East Asia and Pacific (WB),Upper-middle-income countries,Fiji
4068.4858,53183.43,19.07,3.335,2.5,85.125,0.0,98.0,12.66,Europe and Central Asia (WB),High-income countries,Finland
4084.226,52710.734,19.23,3.383,2.5,85.175,0.0,98.0,12.72,Europe and Central Asia (WB),High-income countries,Finland
4098.8657,52782.49,18.86,3.413,2.5,85.225,0.0,97.0,12.77,Europe and Central Asia (WB),High-income countries,Finland
4213.8076,53984.633,18.76,3.422,2.5,85.275,0.0,92.0,12.83,Europe and Central Asia (WB),High-income countries,Finland
4341.4404,55637.227,19.0,3.489,2.5,85.325,0.0,89.0,12.89,Europe and Central Asia (WB),High-income countries,Finland
4484.3486,56226.336,19.14,3.503,2.5,85.382,0.0,91.0,12.97,Europe and Central Asia (WB),High-income countries,Finland
4531.453,50066.53,9.383,3.209,2.5,79.135,0.0,88.0,10.84,Europe and Central Asia (WB),High-income countries,France
4636.941,50326.566,9.561,3.224,2.5,79.394,0.0,92.0,10.98,Europe and Central Asia (WB),High-income countries,France
4679.5176,50682.895,9.731,3.239,2.5,79.655,0.0,96.0,11.12,Europe and Central Asia (WB),High-income countries,France
4938.5923,50984.074,9.862,3.254,2.5,79.917,0.0,95.0,11.13,Europe and Central Asia (WB),High-income countries,France
5076.906,51895.566,9.951,3.274,2.5,80.18,0.0,95.0,11.21,Europe and Central Asia (WB),High-income countries,France
5227.2925,52560.953,10.06,3.276,2.5,80.444,0.0,95.0,11.325,Europe and Central Asia (WB),High-income countries,France
407.8351,19836.455,,,13.1,87.156,8.431808,79.0,9.386,Sub-Saharan Africa (WB),Upper-middle-income countries,Gabon
370.70306,20008.99,,,13.3,87.651,7.9973297,70.0,9.638,Sub-Saharan Africa (WB),Upper-middle-income countries,Gabon
372.77365,20147.71,,,14.1,88.118,7.581993,80.0,9.89,Sub-Saharan Africa (WB),Upper-middle-income countries,Gabon
424.43378,19988.176,2.449,0.343,15.3,88.559,7.184334,75.0,9.996,Sub-Saharan Africa (WB),Upper-middle-income countries,Gabon
399.48483,19555.707,2.842,0.658,16.5,88.976,6.8029404,75.0,10.102,Sub-Saharan Africa (WB),Upper-middle-income countries,Gabon
397.01495,19225.598,2.776,0.624,17.6,89.37,6.4368362,70.0,10.208,Sub-Saharan Africa (WB),Upper-middle-income countries,Gabon
881.6899,14936.844,4.287,5.341,6.6,57.448,3.2455902,94.0,12.715,Europe and Central Asia (WB),Upper-middle-income countries,Georgia
1019.5584,17228.68,5.018,7.555,5.5,58.632,2.8265991,93.0,12.884999,Europe and Central Asia (WB),Upper-middle-income countries,Georgia
4956.3936,58223.65,10.68,3.984,2.5,77.18,0.0,93.0,13.62,Europe and Central Asia (WB),High-income countries,Germany
5197.239,59239.34,10.88,4.064,2.5,77.19,0.0,93.0,13.63,Europe and Central Asia (WB),High-income countries,Germany
5359.7573,59699.34,10.95,4.12,2.5,77.2,0.0,93.0,13.7,Europe and Central Asia (WB),High-income countries,Germany
5697.9683,60578.285,11.15,4.187,2.5,77.224,0.0,91.0,13.77,Europe and Central Asia (WB),High-income countries,Germany
6020.479,61991.496,11.38,4.251,2.5,77.261,0.0,91.0,13.785,Europe and Central Asia (WB),High-income countries,Germany
6341.3755,62495.5,11.81,4.311,2.5,77.312,0.0,91.0,13.8,Europe and Central Asia (WB),High-income countries,Germany
2185.0913,30762.443,3.553,5.84,2.5,77.355,0.020980835,99.0,10.2025,Europe and Central Asia (WB),High-income countries,Greece
2094.4795,31213.377,3.484,5.883,2.5,77.702,0.0017700195,99.0,10.31,Europe and Central Asia (WB),High-income countries,Greece
2192.1907,31347.977,3.453,5.91,2.5,78.046,0.0,99.0,10.5,Europe and Central Asia (WB),High-income countries,Greece
2322.726,31468.62,3.509,6.137,2.5,78.387,0.0,99.0,9.96,Europe and Central Asia (WB),High-income countries,Greece
2324.1304,31995.41,3.591,6.102,2.5,78.724,0.0,99.0,10.245,Europe and Central Asia (WB),High-income countries,Greece
2403.162,32722.33,3.663,6.161,2.5,79.058,0.0,99.0,10.530001,Europe and Central Asia (WB),High-income countries,Greece
495.82858,11005.459,1.227,0.286,14.4,50.68,6.2133713,91.0,4.8370748,Latin America and Caribbean (WB),Upper-middle-income countries,Guatemala
513.9308,11192.372,1.313,0.363,14.1,51.054,5.8353806,85.0,5.0385375,Latin America and Caribbean (WB),Upper-middle-income countries,Guatemala
455.60464,12040.083,0.709,,4.4,26.441,4.181015,95.0,8.068253,Latin America and Caribbean (WB),Upper-middle-income countries,Guyana
458.59805,12420.473,0.744,,3.5,26.482,3.8041077,97.0,8.211965,Latin America and Caribbean (WB),Upper-middle-income countries,Guyana
523.07434,12801.641,0.799,,3.1,26.538,3.4268036,97.0,8.355677,Latin America and Caribbean (WB),Upper-middle-income countries,Guyana
616.7931,12980.357,1.031,1.804,3.0,26.606,3.0493088,95.0,8.499388,Latin America and Caribbean (WB),Upper-middle-income countries,Guyana
1773.0856,28891.021,6.596,3.209,2.5,69.953,0.030029297,99.0,11.89,Europe and Central Asia (WB),Upper-middle-income countries,Hungary
1808.3971,30264.95,6.583,3.323,2.5,70.227,0.02974701,99.0,11.55,Europe and Central Asia (WB),High-income countries,Hungary
1834.4618,31485.568,6.64,3.097,2.5,70.5,0.029472351,99.0,11.64,Europe and Central Asia (WB),High-income countries,Hungary
1949.249,32378.967,6.601,3.211,2.5,70.779,0.029197693,99.0,11.68,Europe and Central Asia (WB),High-income countries,Hungary
1987.2351,33828.715,6.763,3.325,2.5,71.062,0.028907776,99.0,11.785,Europe and Central Asia (WB),High-income countries,Hungary
2098.9607,35798.043,6.867,3.384,2.5,71.351,0.0,99.0,11.89,Europe and Central Asia (WB),High-income countries,Hungary
3651.9973,57707.42,16.26,3.605,2.5,93.633,0.0,91.0,13.185715,Europe and Central Asia (WB),High-income countries,Iceland
3811.8784,58031.86,16.14,3.642,2.5,93.667,0.0,90.0,13.301429,Europe and Central Asia (WB),High-income countries,Iceland
3998.9973,59978.332,16.27,3.772,2.5,93.7,0.0,92.0,13.417143,Europe and Central Asia (WB),High-income countries,Iceland
4359.9463,62880.26,15.0,3.849,2.5,93.735,0.0,91.0,13.532857,Europe and Central Asia (WB),High-income countries,Iceland
4629.746,63999.16,15.29,3.871,2.5,93.773,0.0,89.0,13.648572,Europe and Central Asia (WB),High-income countries,Iceland
4824.6284,65354.26,15.47,3.891,2.5,93.813,0.0,91.0,13.764286,Europe and Central Asia (WB),High-income countries,Iceland
862.7044,13804.791,,,6.8,72.295,1.4879303,98.0,9.92,"Middle East, North Africa, Afghanistan and Pakistan (WB)",Upper-middle-income countries,Iran
978.78326,14299.571,1.515,1.457,6.7,72.83,1.3526001,99.0,10.02,"Middle East, North Africa, Afghanistan and Pakistan (WB)",Upper-middle-income countries,Iran
1031.2661,13905.192,1.814,1.106,6.7,73.358,1.2208328,98.0,10.135,"Middle East, North Africa, Afghanistan and Pakistan (WB)",Upper-middle-income countries,Iran
1164.7037,14915.594,,,7.2,73.88,1.0925293,99.0,10.25,"Middle East, North Africa, Afghanistan and Pakistan (WB)",Upper-middle-income countries,Iran
1180.6863,15108.109,2.51,1.078,7.6,74.394,0.9676819,99.0,10.37234,"Middle East, North Africa, Afghanistan and Pakistan (WB)",Upper-middle-income countries,Iran
1157.5408,14642.498,1.984,1.514,7.6,74.898,0.84628296,99.0,10.4961405,"Middle East, North Africa, Afghanistan and Pakistan (WB)",Upper-middle-income countries,Iran
410.05948,13712.932,1.948,,15.4,69.595,6.4301453,73.0,5.269157,"Middle East, North Africa, Afghanistan and Pakistan (WB)",Upper-middle-income countries,Iraq
374.48267,13536.823,1.801,0.819,15.8,69.758,5.5601196,73.0,5.3041153,"Middle East, North Africa, Afghanistan and Pakistan (WB)",Upper-middle-income countries,Iraq
310.47342,13516.027,1.574,0.714,16.3,69.921,4.695732,68.0,5.339074,"Middle East, North Africa, Afghanistan and Pakistan (WB)",Upper-middle-income countries,Iraq
414.14706,15016.092,1.623,0.703,16.6,70.094,3.836029,71.0,5.374033,"Middle East, North Africa, Afghanistan and Pakistan (WB)",Upper-middle-income countries,Iraq
416.4486,14417.631,1.718,0.794,16.6,70.278,2.9814682,81.0,5.4089913,"Middle East, North Africa, Afghanistan and Pakistan (WB)",Upper-middle-income countries,Iraq
425.51083,14456.235,1.936,0.67,16.4,70.473,2.1326218,86.0,5.44395,"Middle East, North Africa, Afghanistan and Pakistan (WB)",Upper-middle-income countries,Iraq
4931.9443,60494.164,12.65,3.958,2.5,62.141,3.648758,96.0,11.323334,Europe and Central Asia (WB),High-income countries,Ireland
4885.8423,65660.18,12.27,3.035,2.5,62.34,3.7167587,96.0,11.400001,Europe and Central Asia (WB),High-income countries,Ireland
5093.679,81053.35,12.44,3.143,2.5,62.538,3.785019,95.0,11.476666,Europe and Central Asia (WB),High-income countries,Ireland
5375.6885,80997.586,11.66,3.219,2.5,62.737,3.8535614,95.0,11.553333,Europe and Central Asia (WB),High-income countries,Ireland
5582.932,87942.445,14.48,3.282,2.5,62.947,3.922554,95.0,11.63,Europe and Central Asia (WB),High-income countries,Ireland
5544.2856,93214.336,12.97,3.302,2.5,63.17,3.9920578,94.0,11.7082205,Europe and Central Asia (WB),High-income countries,Ireland
2514.0273,40148.777,5.305,3.483,2.5,92.031,0.0,96.0,12.78,"Middle East, North Africa, Afghanistan and Pakistan (WB)",High-income countries,Israel
2546.2803,40872.582,5.315,3.457,2.5,92.104,0.0,95.0,12.91,"Middle East, North Africa, Afghanistan and Pakistan (WB)",High-income countries,Israel
2620.7786,40967.37,5.353,3.451,2.5,92.179,0.0,95.0,12.96,"Middle East, North Africa, Afghanistan and Pakistan (WB)",High-income countries,Israel
2822.0762,41963.676,5.472,3.443,2.5,92.256,0.0,94.0,13.062415,"Middle East, North Africa, Afghanistan and Pakistan (WB)",High-income countries,Israel
2949.8198,42947.06,5.56,3.452,2.5,92.336,0.0,98.0,13.165639,"Middle East, North Africa, Afghanistan and Pakistan (WB)",High-income countries,Israel
3035.3262,43814.297,5.534,3.499,2.5,92.418,0.0,98.0,13.269678,"Middle East, North Africa, Afghanistan and Pakistan (WB)",High-income countries,Israel
3216.0718,46833.363,5.323,3.895,2.5,68.979,0.108680725,96.0,9.895,Europe and Central Asia (WB),High-income countries,Italy
3210.0737,46825.652,5.576,3.91,2.5,69.272,0.082969666,95.0,10.0,Europe and Central Asia (WB),High-income countries,Italy
3264.6428,47311.824,5.748,3.87,2.5,69.565,0.082969666,93.0,10.11,Europe and Central Asia (WB),High-income countries,Italy
3481.5735,47987.84,5.889,3.986,2.5,69.855,0.082969666,94.0,10.21,Europe and Central Asia (WB),High-income countries,Italy
3605.1606,48849.22,6.128,4.025,2.5,70.144,0.082969666,95.0,10.309999,Europe and Central Asia (WB),High-income countries,Italy
3732.5105,49133.145,6.075,4.013,2.5,70.438,0.082969666,95.0,10.41,Europe and Central Asia (WB),High-income countries,Italy
429.57574,9687.608,1.479,0.482,7.8,54.35,4.4575195,93.0,9.1157675,Latin America and Caribbean (WB),Upper-middle-income countries,Jamaica
454.26862,9719.304,1.474,0.392,7.5,54.584,4.3165817,92.0,9.23865,Latin America and Caribbean (WB),Upper-middle-income countries,Jamaica
510.14188,9778.118,1.501,0.429,7.9,54.833,4.175865,91.0,9.361534,Latin America and Caribbean (WB),Upper-middle-income countries,Jamaica
542.12946,9886.552,1.664,0.472,7.6,55.098,4.035431,99.0,9.484418,Latin America and Caribbean (WB),Upper-middle-income countries,Jamaica
612.30035,9964.391,1.668,,7.2,55.378,3.895424,93.0,9.607302,Latin America and Caribbean (WB),Upper-middle-income countries,Jamaica
619.15186,10137.111,0.984,0.55,6.2,55.674,3.7558975,97.0,9.7301855,Latin America and Caribbean (WB),Upper-middle-income countries,Jamaica
712.1061,10799.354,3.802,2.43,6.3,89.125,0.9640045,98.0,9.572093,"Middle East, North Africa, Afghanistan and Pakistan (WB)",Upper-middle-income countries,Jordan
671.4287,10148.998,3.539,2.27,6.5,90.0,0.944397,98.0,9.769457,"Middle East, North Africa, Afghanistan and Pakistan (WB)",Upper-middle-income countries,Jordan
685.58215,9581.689,,2.741,7.0,90.256,0.9354553,99.0,9.966822,"Middle East, North Africa, Afghanistan and Pakistan (WB)",Upper-middle-income countries,Jordan
683.3243,9339.811,3.219,2.226,9.1,90.747,0.91807556,99.0,10.36155,"Middle East, North Africa, Afghanistan and Pakistan (WB)",Upper-middle-income countries,Jordan
685.2044,9311.531,2.688,,10.7,90.979,0.90966797,96.0,10.01,"Middle East, North Africa, Afghanistan and Pakistan (WB)",Upper-middle-income countries,Jordan
1952.3223,62458.81,6.001,2.45,2.5,100.0,0.0,99.0,7.28,"Middle East, North Africa, Afghanistan and Pakistan (WB)",High-income countries,Kuwait
2057.6416,60065.656,6.536,2.602,2.5,100.0,0.0,95.0,7.455,"Middle East, North Africa, Afghanistan and Pakistan (WB)",High-income countries,Kuwait
1991.3342,57763.516,7.018,2.597,2.5,100.0,0.0,99.0,7.63,"Middle East, North Africa, Afghanistan and Pakistan (WB)",High-income countries,Kuwait
2089.2002,56936.62,6.93,,2.5,100.0,0.0,99.0,7.7599998,"Middle East, North Africa, Afghanistan and Pakistan (WB)",High-income countries,Kuwait
2310.3215,52285.586,7.226,,2.5,100.0,0.0,99.0,7.89,"Middle East, North Africa, Afghanistan and Pakistan (WB)",High-income countries,Kuwait
2596.784,51623.81,7.106,,2.5,100.0,0.0,91.0,7.98,"Middle East, North Africa, Afghanistan and Pakistan (WB)",High-income countries,Kuwait
1089.0492,16396.496,1.595,2.341,4.9,87.79,2.665268,83.0,10.645454,"Middle East, North Africa, Afghanistan and Pakistan (WB)",Upper-middle-income countries,Lebanon
1114.2878,15205.873,1.665,2.069,5.5,87.947,2.1896057,83.0,11.126364,"Middle East, North Africa, Afghanistan and Pakistan (WB)",Upper-middle-income countries,Lebanon
1127.582,14980.0205,1.574,2.147,5.7,88.106,1.7139511,83.0,11.607273,"Middle East, North Africa, Afghanistan and Pakistan (WB)",Upper-middle-income countries,Lebanon
1301.0284,15572.361,1.687,2.158,5.8,88.266,1.2382889,83.0,12.088182,"Middle East, North Africa, Afghanistan and Pakistan (WB)",Upper-middle-income countries,Lebanon
1378.2546,16128.584,1.833,2.261,5.6,88.429,0.76262665,83.0,12.569091,"Middle East, North Africa, Afghanistan and Pakistan (WB)",Upper-middle-income countries,Lebanon
1474.286,16290.052,1.929,2.425,5.7,88.593,0.28696442,83.0,13.05,"Middle East, North Africa, Afghanistan and Pakistan (WB)",Upper-middle-income countries,Lebanon
1629.124,32474.64,7.67,4.177,2.5,66.986,4.3389816,93.0,12.56,Europe and Central Asia (WB),High-income countries,Lithuania
1738.9591,33975.086,7.744,4.218,2.5,67.108,3.8664017,93.0,12.8,Europe and Central Asia (WB),High-income countries,Lithuania
1861.0137,35251.297,7.818,4.253,2.5,67.23,3.3958588,93.0,12.9800005,Europe and Central Asia (WB),High-income countries,Lithuania
2038.2067,36618.15,7.847,4.367,2.5,67.366,2.9262543,94.0,13.16,Europe and Central Asia (WB),High-income countries,Lithuania
2160.8774,38774.49,7.817,4.437,2.5,67.516,2.4579315,94.0,13.25,Europe and Central Asia (WB),High-income countries,Lithuania
2369.305,41019.79,7.885,4.479,2.5,67.679,2.009468,92.0,13.36,Europe and Central Asia (WB),High-income countries,Lithuania
5346.197,129945.45,12.31,2.83,2.5,89.574,0.034751892,99.0,12.94,Europe and Central Asia (WB),High-income countries,Luxembourg
5573.945,130247.664,12.32,2.881,2.5,89.884,0.055397034,99.0,13.09,Europe and Central Asia (WB),High-income countries,Luxembourg
5545.1973,130097.26,12.28,2.908,2.5,90.179,0.0748291,99.0,12.41,Europe and Central Asia (WB),High-income countries,Luxembourg
5806.3047,133661.66,12.08,2.885,2.5,90.46,0.09312439,99.0,12.496917,Europe and Central Asia (WB),High-income countries,Luxembourg
5961.6025,132169.83,12.08,2.985,2.5,90.727,0.11038971,99.0,12.535726,Europe and Central Asia (WB),High-income countries,Luxembourg
6211.7305,131733.89,,,2.5,90.981,0.12669373,99.0,12.598589,Europe and Central Asia (WB),High-income countries,Luxembourg
816.8918,25736.354,3.82,1.557,3.6,72.93,2.5972595,97.0,9.84,East Asia and Pacific (WB),Upper-middle-income countries,Malaysia
900.98083,26818.432,3.91,1.489,3.7,73.577,2.5914688,97.0,9.9800005,East Asia and Pacific (WB),Upper-middle-income countries,Malaysia
918.73956,27699.627,4.076,1.496,3.5,74.213,2.5847855,99.0,10.12,East Asia and Pacific (WB),Upper-middle-income countries,Malaysia
912.5606,28425.371,4.084,1.589,3.0,74.84,2.5771027,98.0,10.26,East Asia and Pacific (WB),Upper-middle-income countries,Malaysia
952.1087,29551.545,4.108,1.809,2.7,75.447,2.5693665,99.0,10.363334,East Asia and Pacific (WB),Upper-middle-income countries,Malaysia
1017.06805,30459.965,4.169,1.888,2.5,76.036,2.56147,99.0,10.466666,East Asia and Pacific (WB),Upper-middle-income countries,Malaysia
1251.5818,17986.89,,,,37.685,1.6463623,99.0,5.603731,South Asia (WB),Upper-middle-income countries,Maldives
1331.0924,18765.36,5.606,1.848,,38.106,1.3583908,99.0,5.899978,South Asia (WB),Upper-middle-income countries,Maldives
1554.6055,18829.447,6.864,,,38.529,1.0736008,99.0,6.1962256,South Asia (WB),Upper-middle-income countries,Maldives
1924.6272,19345.18,2.501,1.288,,38.954,0.7920151,98.0,6.4924726,South Asia (WB),Upper-middle-income countries,Maldives
1813.0266,20036.717,3.512,1.837,,39.38,0.513649,98.0,6.78872,South Asia (WB),Upper-middle-income countries,Maldives
1558.0438,21072.58,6.09,1.799,,39.808,0.44084167,98.0,6.9589386,South Asia (WB),Upper-middle-income countries,Maldives
2766.5105,40882.023,7.202,3.351,2.5,94.279,0.0,99.0,10.68,"Middle East, North Africa, Afghanistan and Pakistan (WB)",High-income countries,Malta
3157.4822,43121.61,8.071,3.508,2.5,94.347,0.0,99.0,10.79,"Middle East, North Africa, Afghanistan and Pakistan (WB)",High-income countries,Malta
3373.2263,46127.62,7.948,3.583,2.5,94.414,0.0,97.0,10.9,"Middle East, North Africa, Afghanistan and Pakistan (WB)",High-income countries,Malta
3599.0596,46922.188,8.373,3.727,2.5,94.48,0.0,97.0,11.02,"Middle East, North Africa, Afghanistan and Pakistan (WB)",High-income countries,Malta
3860.9202,51578.98,8.305,3.869,2.5,94.546,0.0,98.0,11.3,"Middle East, North Africa, Afghanistan and Pakistan (WB)",High-income countries,Malta
3975.964,53367.95,8.159,3.916,2.5,94.612,0.0,97.0,11.58,"Middle East, North Africa, Afghanistan and Pakistan (WB)",High-income countries,Malta
403.09888,4469.8535,,,,74.946,1.9034424,79.0,10.842738,East Asia and Pacific (WB),Upper-middle-income countries,Marshall Islands
410.49786,4491.9917,,,,75.384,2.1359253,78.0,10.909723,East Asia and Pacific (WB),Upper-middle-income countries,Marshall Islands
530.3065,4670.1094,,,,75.811,2.3645554,85.0,10.976707,East Asia and Pacific (WB),Upper-middle-income countries,Marshall Islands
553.9863,4896.522,,,,76.228,2.5894394,71.0,11.043693,East Asia and Pacific (WB),Upper-middle-income countries,Marshall Islands
492.926,5199.344,,,,76.634,2.8107529,80.0,11.110678,East Asia and Pacific (WB),Upper-middle-income countries,Marshall Islands
656.856,5635.3076,4.239,,,77.031,3.028595,81.0,11.177662,East Asia and Pacific (WB),Upper-middle-income countries,Marshall Islands
1013.415,20805.348,2.841,2.184,3.8,78.699,3.0638885,83.0,8.15,Latin America and Caribbean (WB),Upper-middle-income countries,Mexico
1007.54663,21069.766,2.716,2.256,3.8,78.993,2.6911774,87.0,8.22,Latin America and Caribbean (WB),Upper-middle-income countries,Mexico
1054.1525,21408.928,2.794,2.358,3.7,79.285,2.3223495,87.0,8.41,Latin America and Caribbean (WB),Upper-middle-income countries,Mexico
1082.6299,21578.264,2.898,2.359,3.7,79.577,1.9572525,93.0,8.42,Latin America and Caribbean (WB),Upper-middle-income countries,Mexico
1088.3182,21777.523,2.896,2.42,3.8,79.867,1.5959778,85.0,8.58,Latin America and Caribbean (WB),Upper-middle-income countries,Mexico
1095.9117,21997.773,2.903,2.467,3.6,80.156,1.2384567,88.0,8.78,Latin America and Caribbean (WB),Upper-middle-income countries,Mexico
7846.789,,19.6,8.107,,100.0,0.0,99.0,,Europe and Central Asia (WB),High-income countries,Monaco
8099.1924,,20.83,7.756,,100.0,0.0,99.0,,Europe and Central Asia (WB),High-income countries,Monaco
8141.873,,,,,100.0,0.0,99.0,,Europe and Central Asia (WB),High-income countries,Monaco
8020.1206,,,,,100.0,0.0,99.0,,Europe and Central Asia (WB),High-income countries,Monaco
7885.7554,,,,,100.0,0.0,99.0,,Europe and Central Asia (WB),High-income countries,Monaco
7652.0254,,,8.568,,100.0,0.0,99.0,,Europe and Central Asia (WB),High-income countries,Monaco
469.7846,13943.428,4.077,3.204,10.7,68.163,15.009079,99.0,10.86893,East Asia and Pacific (WB),Upper-middle-income countries,Mongolia
1235.6768,20154.08,5.327,2.127,2.5,65.137,1.0917435,94.0,10.961917,Europe and Central Asia (WB),Upper-middle-income countries,Montenegro
1211.2224,20475.518,5.381,2.16,2.5,65.471,1.0065002,91.0,11.117875,Europe and Central Asia (WB),Upper-middle-income countries,Montenegro
1459.6758,21138.977,4.946,2.35,2.5,65.806,0.9217987,89.0,11.273834,Europe and Central Asia (WB),Upper-middle-income countries,Montenegro
1566.1696,21737.994,4.953,2.552,2.5,66.141,0.837677,89.0,11.429792,Europe and Central Asia (WB),Upper-middle-income countries,Montenegro
1576.8397,22740.387,5.06,2.623,2.5,66.477,0.754097,87.0,11.585752,Europe and Central Asia (WB),Upper-middle-income countries,Montenegro
1813.6776,23877.725,5.199,2.74,2.5,66.813,0.6978836,86.0,11.74171,Europe and Central Asia (WB),Upper-middle-income countries,Montenegro
875.0307,11593.575,1.864,,23.4,44.756,10.331764,89.0,6.893858,Sub-Saharan Africa (WB),Upper-middle-income countries,Namibia
865.44293,11982.696,1.878,,22.5,45.826,9.888084,88.0,7.050398,Sub-Saharan Africa (WB),Upper-middle-income countries,Namibia
1034.7705,12166.565,1.912,,21.8,46.9,9.45388,92.0,7.2069383,Sub-Saharan Africa (WB),Upper-middle-income countries,Namibia
939.7053,11846.788,2.073,,20.7,47.961,9.031761,85.0,7.2679276,Sub-Saharan Africa (WB),Upper-middle-income countries,Namibia
850.6298,11408.726,2.052,0.601,20.2,49.005,8.622116,88.0,7.3289175,Sub-Saharan Africa (WB),Upper-middle-income countries,Namibia
813.1003,11214.386,2.208,0.335,19.4,50.032,8.224709,89.0,7.389907,Sub-Saharan Africa (WB),Upper-middle-income countries,Namibia
880.91644,9882.093,,,,100.0,2.8528519,87.0,7.5466948,East Asia and Pacific (WB),Upper-middle-income countries,Nauru
861.8634,11264.079,,,,100.0,2.9247513,95.0,7.7881937,East Asia and Pacific (WB),Upper-middle-income countries,Nauru
1344.9219,11344.103,6.25,1.25,,100.0,2.996643,91.0,8.029693,East Asia and Pacific (WB),High-income countries,Nauru
1131.0164,11630.96,,,,100.0,2.996643,97.0,8.271192,East Asia and Pacific (WB),Upper-middle-income countries,Nauru
1109.3315,10763.823,,,,100.0,2.996643,87.0,8.5126915,East Asia and Pacific (WB),Upper-middle-income countries,Nauru
1168.9185,10490.855,7.059,,,100.0,2.996643,90.0,8.75419,East Asia and Pacific (WB),Upper-middle-income countries,Nauru
5219.263,61281.29,12.39,3.301,2.5,89.187,0.0,97.0,11.73,Europe and Central Asia (WB),High-income countries,Netherlands
5213.5347,62045.855,10.49,3.407,2.5,89.69,0.0,96.0,11.76,Europe and Central Asia (WB),High-income countries,Netherlands
5203.804,63081.395,10.68,3.471,2.5,90.173,0.0,95.0,11.82,Europe and Central Asia (WB),High-income countries,Netherlands
5274.394,64267.74,10.84,3.517,2.5,90.635,0.0,95.0,11.9,Europe and Central Asia (WB),High-income countries,Netherlands
5584.7544,65666.0,11.13,3.588,2.5,91.077,0.0,94.0,11.99,Europe and Central Asia (WB),High-income countries,Netherlands
5811.2354,66758.266,11.37,3.661,2.5,91.49,0.0,93.0,12.08,Europe and Central Asia (WB),High-income countries,Netherlands
3383.4287,43338.438,10.58,2.824,2.5,86.221,0.0,92.0,13.255,East Asia and Pacific (WB),High-income countries,New Zealand
3501.178,44255.504,10.66,2.894,2.5,86.281,0.0,93.0,13.17,East Asia and Pacific (WB),High-income countries,New Zealand
3475.9143,44963.832,10.83,3.046,2.5,86.341,0.0,92.0,13.15,East Asia and Pacific (WB),High-income countries,New Zealand
3690.8533,45626.684,10.89,3.147,2.5,86.4,0.0,92.0,13.27,East Asia and Pacific (WB),High-income countries,New Zealand
3786.3818,46193.29,10.83,3.299,2.5,86.466,0.0,94.0,13.1875,East Asia and Pacific (WB),High-income countries,New Zealand
3841.6724,46947.938,10.9,3.353,2.5,86.538,0.0,93.0,13.1050005,East Asia and Pacific (WB),High-income countries,New Zealand
876.7457,17757.25,4.152,2.761,4.0,57.189,0.61667633,98.0,9.696133,Europe and Central Asia (WB),Upper-middle-income countries,North Macedonia
874.49835,18451.19,4.461,2.867,3.9,57.284,0.6121826,95.0,9.99669,Europe and Central Asia (WB),Upper-middle-income countries,North Macedonia
920.79645,19214.016,4.528,2.834,3.8,57.408,0.6074829,91.0,10.297248,Europe and Central Asia (WB),Upper-middle-income countries,North Macedonia
1020.48175,19824.68,4.684,2.943,3.5,57.563,0.6026001,95.0,10.597805,Europe and Central Asia (WB),Upper-middle-income countries,North Macedonia
1080.9805,20119.943,4.672,2.945,3.2,57.748,0.5975647,91.0,10.898363,Europe and Central Asia (WB),Upper-middle-income countries,North Macedonia
1172.9454,20804.775,4.792,3.011,2.9,57.963,0.5923996,93.0,11.19892,Europe and Central Asia (WB),Upper-middle-income countries,North Macedonia
6012.8843,84070.46,17.21,4.305,2.5,80.286,0.0,94.0,12.733334,Europe and Central Asia (WB),High-income countries,Norway
6191.5874,84830.26,17.44,4.429,2.5,80.692,7.6293945e-06,93.0,12.77,Europe and Central Asia (WB),High-income countries,Norway
6143.259,85550.3,17.87,4.451,2.5,81.091,0.0,95.0,12.84,Europe and Central Asia (WB),High-income countries,Norway
6267.085,85787.62,18.03,4.581,2.5,81.485,0.0,96.0,12.9,Europe and Central Asia (WB),High-income countries,Norway
6630.842,87194.11,18.22,4.735,2.5,81.871,0.0,96.0,13.05,Europe and Central Asia (WB),High-income countries,Norway
7019.084,87338.47,18.3,4.857,2.5,82.248,7.6293945e-06,96.0,13.095,Europe and Central Asia (WB),High-income countries,Norway
1693.4181,17783.629,,,,76.862,0.4984665,99.0,12.85,East Asia and Pacific (WB),Upper-middle-income countries,Palau
1776.0999,18561.441,6.236,1.405,,77.517,0.48885345,95.0,12.909061,East Asia and Pacific (WB),Upper-middle-income countries,Palau
1744.8517,20021.314,,,,78.159,0.47973633,90.0,12.968393,East Asia and Pacific (WB),Upper-middle-income countries,Palau
1834.8434,19902.982,,,,78.775,0.4711609,98.0,13.027998,East Asia and Pacific (WB),High-income countries,Palau
1950.884,19237.926,,,,79.365,0.46309662,97.0,13.087876,East Asia and Pacific (WB),High-income countries,Palau
2027.2185,19256.928,7.263,,,79.93,0.45552826,95.0,13.14803,East Asia and Pacific (WB),High-income countries,Palau
1410.3992,28135.328,2.941,1.588,7.1,66.052,5.919647,80.0,9.93,Latin America and Caribbean (WB),Upper-middle-income countries,Panama
1644.9935,28931.805,2.959,,7.1,66.371,5.58403,80.0,10.073334,Latin America and Caribbean (WB),Upper-middle-income countries,Panama
1824.2534,29933.156,2.77,1.581,7.0,66.696,5.2499847,73.0,10.216666,Latin America and Caribbean (WB),Upper-middle-income countries,Panama
2050.0596,30765.236,2.994,1.574,6.6,67.027,4.9175873,86.0,10.36,Latin America and Caribbean (WB),Upper-middle-income countries,Panama
2265.3838,31979.812,3.095,1.59,5.8,67.365,4.5867615,81.0,10.503333,Latin America and Caribbean (WB),High-income countries,Panama
2509.504,32681.447,3.083,1.61,5.0,67.709,4.2577286,88.0,10.646667,Latin America and Caribbean (WB),High-income countries,Panama
825.3541,14219.3545,0.666,,2.5,60.474,4.879425,93.0,8.24,Latin America and Caribbean (WB),Upper-middle-income countries,Paraguay
834.7369,14427.601,0.722,,2.5,60.75,3.6581345,92.0,8.52,Latin America and Caribbean (WB),Upper-middle-income countries,Paraguay
871.8689,14826.664,0.761,,2.6,61.026,2.4489288,92.0,8.38,Latin America and Caribbean (WB),Upper-middle-income countries,Paraguay
901.47833,15320.337,0.798,,2.6,61.3,1.2518463,91.0,8.485001,Latin America and Caribbean (WB),Upper-middle-income countries,Paraguay
958.907,15592.984,1.793,1.462,2.7,61.585,0.06674194,88.0,8.59,Latin America and Caribbean (WB),Upper-middle-income countries,Paraguay
536.5901,14052.138,2.193,,5.7,76.989,9.815247,88.0,8.62,Latin America and Caribbean (WB),Upper-middle-income countries,Peru
573.0123,14244.566,2.064,,5.4,77.173,9.218636,88.0,8.53,Latin America and Caribbean (WB),Upper-middle-income countries,Peru
577.0529,14542.793,2.05,,5.8,77.357,8.62677,90.0,8.6,Latin America and Caribbean (WB),Upper-middle-income countries,Peru
602.76337,14917.449,2.162,1.296,6.4,77.539,8.040039,90.0,8.8,Latin America and Caribbean (WB),Upper-middle-income countries,Peru
619.7663,15069.522,2.202,,6.6,77.72,7.4581757,89.0,9.0,Latin America and Caribbean (WB),Upper-middle-income countries,Peru
682.3406,15386.26,2.957,1.36,6.2,77.907,6.879936,89.0,9.2,Latin America and Caribbean (WB),Upper-middle-income countries,Peru
1575.0455,29168.625,5.787,2.208,2.5,60.529,3.762848,99.0,12.81,Europe and Central Asia (WB),High-income countries,Poland
1626.7668,30334.879,5.743,2.273,2.5,60.403,4.497917,98.0,12.88,Europe and Central Asia (WB),High-income countries,Poland
1716.899,31700.37,5.702,2.294,2.5,60.278,5.235428,98.0,13.0,Europe and Central Asia (WB),High-income countries,Poland
1856.8622,32675.305,5.676,2.381,2.5,60.178,5.9732666,98.0,13.12,Europe and Central Asia (WB),High-income countries,Poland
1972.3679,34354.598,5.617,2.343,2.5,60.105,6.7105103,96.0,13.175,Europe and Central Asia (WB),High-income countries,Poland
2021.7706,36500.41,5.603,2.324,2.5,60.058,7.4464493,95.0,13.2300005,Europe and Central Asia (WB),High-income countries,Poland
1026.1311,26939.04,6.156,2.633,2.5,53.937,0.0,92.0,10.66,Europe and Central Asia (WB),Upper-middle-income countries,Romania
1035.3734,28153.107,6.306,2.687,2.5,53.9,0.0,94.0,10.5,Europe and Central Asia (WB),Upper-middle-income countries,Romania
1065.9226,29178.744,6.548,2.753,2.5,53.887,0.0,89.0,10.62,Europe and Central Asia (WB),Upper-middle-income countries,Romania
1210.8239,30185.906,6.796,2.827,2.5,53.9,0.0,89.0,10.73,Europe and Central Asia (WB),Upper-middle-income countries,Romania
1394.0994,32849.11,7.1,2.91,2.5,53.936,0.0,82.0,10.83,Europe and Central Asia (WB),Upper-middle-income countries,Romania
1626.6,35065.18,7.337,3.026,2.5,53.998,0.0,86.0,10.91,Europe and Central Asia (WB),Upper-middle-income countries,Romania
1314.775,36260.066,9.169,4.005,2.5,73.863,3.0822144,97.0,12.385455,Europe and Central Asia (WB),High-income countries,Russia
1345.7245,35853.246,9.303,4.138,2.5,73.95,3.0004044,97.0,12.397273,Europe and Central Asia (WB),High-income countries,Russia
1285.2114,35037.152,8.986,3.942,2.5,74.05,2.9179916,97.0,12.409091,Europe and Central Asia (WB),Upper-middle-income countries,Russia
1284.1472,35005.45,8.921,3.982,2.5,74.164,2.8349915,97.0,12.420909,Europe and Central Asia (WB),Upper-middle-income countries,Russia
1395.6027,35570.39,8.906,4.078,2.5,74.292,2.7515106,97.0,12.432727,Europe and Central Asia (WB),Upper-middle-income countries,Russia
1547.6587,36536.695,8.879,4.119,2.5,74.433,2.667717,97.0,12.444545,Europe and Central Asia (WB),Upper-middle-income countries,Russia
1245.7686,26532.102,,,,30.964,1.3881454,97.0,10.561076,Latin America and Caribbean (WB),High-income countries,Saint Kitts and Nevis
1276.0149,28530.307,,,,30.885,1.3881454,98.0,10.84149,Latin America and Caribbean (WB),High-income countries,Saint Kitts and Nevis
1382.3296,28729.566,4.519,2.866,,30.827,1.3881454,94.0,11.121903,Latin America and Caribbean (WB),High-income countries,Saint Kitts and Nevis
1539.5692,29867.027,,,,30.79,1.3881454,98.0,11.121903,Latin America and Caribbean (WB),High-income countries,Saint Kitts and Nevis
1569.757,29948.92,,,,30.773,1.3881454,98.0,11.121903,Latin America and Caribbean (WB),High-income countries,Saint Kitts and Nevis
1524.7324,30576.248,,3.034,,30.776,,98.0,11.121903,Latin America and Caribbean (WB),High-income countries,Saint Kitts and Nevis
347.44296,6887.305,,0.326,5.0,18.681,1.8366852,74.0,11.786887,East Asia and Pacific (WB),Upper-middle-income countries,Samoa
325.67365,6919.0156,,,4.8,18.452,1.5862885,67.0,11.782265,East Asia and Pacific (WB),Upper-middle-income countries,Samoa
303.25772,6805.0454,2.327,,4.7,18.243,1.337143,44.0,11.777642,East Asia and Pacific (WB),Upper-middle-income countries,Samoa
3964.8828,58467.977,8.529,4.925,,96.37,0.0,86.0,10.474022,Europe and Central Asia (WB),High-income countries,San Marino
4032.5684,58743.586,8.084,6.018,,96.559,0.0,84.0,10.557864,Europe and Central Asia (WB),High-income countries,San Marino
3998.1895,59647.66,,,,96.739,0.0,85.0,10.642378,Europe and Central Asia (WB),High-income countries,San Marino
4747.2803,60669.82,,,,96.91,0.0,86.0,10.727568,Europe and Central Asia (WB),High-income countries,San Marino
4761.751,59524.56,,,,97.072,0.0,88.0,10.81344,Europe and Central Asia (WB),High-income countries,San Marino
4937.936,59194.043,,,,97.226,0.0,90.0,10.9,Europe and Central Asia (WB),High-income countries,San Marino
2677.1,57998.48,,2.159,5.8,82.74,,98.0,9.0,"Middle East, North Africa, Afghanistan and Pakistan (WB)",High-income countries,Saudi Arabia
3106.0732,58872.266,5.006,2.14,5.1,82.96,,98.0,9.1875,"Middle East, North Africa, Afghanistan and Pakistan (WB)",High-income countries,Saudi Arabia
3085.3887,58498.54,,2.237,4.2,83.18,0.6654434,98.0,9.375,"Middle East, North Africa, Afghanistan and Pakistan (WB)",High-income countries,Saudi Arabia
3096.2874,57308.465,5.505,2.267,4.1,83.401,0.6672058,98.0,9.5625,"Middle East, North Africa, Afghanistan and Pakistan (WB)",High-income countries,Saudi Arabia
3185.7498,57942.547,4.259,2.409,4.2,83.622,0.66897583,98.0,9.75,"Middle East, North Africa, Afghanistan and Pakistan (WB)",High-income countries,Saudi Arabia
3009.3628,61359.465,5.271,2.514,4.3,83.844,0.6707535,96.0,10.08,"Middle East, North Africa, Afghanistan and Pakistan (WB)",High-income countries,Saudi Arabia
979.57166,24770.652,,,4.7,54.537,4.4592667,98.0,10.728223,Sub-Saharan Africa (WB),Upper-middle-income countries,Seychelles
1026.154,25379.418,,,4.5,54.969,4.3338165,99.0,10.776243,Sub-Saharan Africa (WB),High-income countries,Seychelles
939.53973,27032.209,,,3.9,55.4,4.208374,97.0,10.824264,Sub-Saharan Africa (WB),High-income countries,Seychelles
1147.2805,29905.135,7.692,2.02,3.4,55.831,4.0829315,96.0,10.872283,Sub-Saharan Africa (WB),High-income countries,Seychelles
1142.5251,31595.668,,,3.0,56.261,3.957489,97.0,10.920303,Sub-Saharan Africa (WB),High-income countries,Seychelles
1241.9146,32841.426,10.76,2.328,2.7,56.691,3.8320465,99.0,10.968324,Sub-Saharan Africa (WB),High-income countries,Seychelles
3064.0369,104359.03,5.548,1.999,,100.0,0.0,97.0,10.7,East Asia and Pacific (WB),High-income countries,Singapore
3275.3782,107066.86,5.699,2.106,,100.0,0.0,96.0,10.8,East Asia and Pacific (WB),High-income countries,Singapore
3642.4365,108953.73,5.948,2.205,,100.0,0.0,96.0,10.94,East Asia and Pacific (WB),High-income countries,Singapore
3913.989,111579.74,6.105,2.27,,100.0,0.0,97.0,10.94,East Asia and Pacific (WB),High-income countries,Singapore
4123.12,116471.82,6.182,2.322,,100.0,0.0,96.0,10.91,East Asia and Pacific (WB),High-income countries,Singapore
4048.0127,119927.766,,2.368,,100.0,0.0,97.0,11.12,East Asia and Pacific (WB),High-income countries,Singapore
2101.0718,31078.123,6.077,3.39,5.6,54.14,0.0,98.0,12.27,Europe and Central Asia (WB),High-income countries,Slovakia
1999.3917,31888.742,6.082,3.427,5.7,54.0,0.0,97.0,12.29,Europe and Central Asia (WB),High-income countries,Slovakia
2033.2246,33507.727,6.022,3.451,5.7,53.889,0.0,96.0,12.52,Europe and Central Asia (WB),High-income countries,Slovakia
2110.6892,34116.383,6.079,3.473,5.3,53.806,0.0,96.0,12.62,Europe and Central Asia (WB),High-income countries,Slovakia
2038.1744,35042.72,5.969,3.421,4.1,53.751,0.0,96.0,12.69,Europe and Central Asia (WB),High-income countries,Slovakia
2092.6384,36415.723,6.023,3.521,3.3,53.726,0.0,97.0,12.81,Europe and Central Asia (WB),High-income countries,Slovakia
2621.224,36688.082,8.327,2.613,2.5,53.332,0.5,95.0,12.28,Europe and Central Asia (WB),High-income countries,Slovenia
2625.7021,37664.652,8.574,2.753,2.5,53.557,0.5,95.0,12.34,Europe and Central Asia (WB),High-income countries,Slovenia
2688.6975,38537.094,8.783,2.802,2.5,53.781,0.5,95.0,12.53,Europe and Central Asia (WB),High-income countries,Slovenia
2878.2903,39677.418,9.624,2.978,2.5,54.02,0.5,94.0,12.65,Europe and Central Asia (WB),High-income countries,Slovenia
2988.784,41703.305,9.87,3.054,2.5,54.273,0.5,94.0,12.71,Europe and Central Asia (WB),High-income countries,Slovenia
3236.614,43371.98,10.1,3.13,2.5,54.541,0.5,93.0,12.7699995,Europe and Central Asia (WB),High-income countries,Slovenia
1082.6041,14699.066,,,5.5,63.793,6.2469254,81.0,9.845,Sub-Saharan Africa (WB),Upper-middle-income countries,South Africa
1050.4373,14661.263,,,6.3,64.312,5.8230667,85.0,9.97,Sub-Saharan Africa (WB),Upper-middle-income countries,South Africa
1077.4121,14559.475,,,6.5,64.828,5.408554,85.0,10.04,Sub-Saharan Africa (WB),Upper-middle-income countries,South Africa
1090.4133,14519.031,,0.765,6.3,65.341,5.003319,85.0,10.030001,Sub-Saharan Africa (WB),Upper-middle-income countries,South Africa
1093.652,14591.437,,0.788,5.7,65.85,4.6073837,84.0,10.02,Sub-Saharan Africa (WB),Upper-middle-income countries,South Africa
1133.1045,14571.376,1.23,0.759,5.7,66.355,4.22068,82.0,9.84,Sub-Saharan Africa (WB),Upper-middle-income countries,South Africa
2176.614,40483.254,5.252,2.174,2.5,81.779,0.7255707,99.0,11.19,East Asia and Pacific (WB),High-income countries,South Korea
2306.3257,41518.094,5.615,2.209,2.5,81.707,0.64367676,99.0,11.3,East Asia and Pacific (WB),High-income countries,South Korea
2550.2883,42459.902,5.964,2.242,2.5,81.634,0.56178284,98.0,11.41,East Asia and Pacific (WB),High-income countries,South Korea
2723.653,43538.02,6.979,2.289,2.5,81.562,0.47988892,98.0,11.523298,East Asia and Pacific (WB),High-income countries,South Korea
2879.5913,44787.65,7.091,2.342,2.5,81.503,0.39798737,97.0,11.637722,East Asia and Pacific (WB),High-income countries,South Korea
3208.759,45890.43,7.39,2.385,2.5,81.459,0.31609344,98.0,11.753282,East Asia and Pacific (WB),High-income countries,South Korea
499.47177,14759.825,2.145,0.988,4.2,18.476,10.118477,99.0,10.62,South Asia (WB),Upper-middle-income countries,Sri Lanka
777.0787,24624.021,2.229,,8.1,66.14,4.33152,77.0,8.044544,Latin America and Caribbean (WB),Upper-middle-income countries,Suriname
803.5662,24414.355,1.977,,8.4,66.089,3.8517609,71.0,8.117271,Latin America and Caribbean (WB),Upper-middle-income countries,Suriname
960.9334,23327.525,2.028,1.017,9.1,66.056,3.3694992,73.0,8.189999,Latin America and Caribbean (WB),Upper-middle-income countries,Suriname
867.53815,21950.412,1.899,1.099,9.8,66.04,2.8854446,77.0,8.262726,Latin America and Caribbean (WB),Upper-middle-income countries,Suriname
935.1658,22070.514,1.872,1.15,9.8,66.041,2.4001694,67.0,8.335453,Latin America and Caribbean (WB),Upper-middle-income countries,Suriname
1250.8789,22938.535,2.675,0.795,9.4,66.06,1.9142685,81.0,8.40818,Latin America and Caribbean (WB),Upper-middle-income countries,Suriname
5073.838,56360.707,11.66,4.023,2.5,85.936,0.3531723,98.0,12.31,Europe and Central Asia (WB),High-income countries,Sweden
5193.2,57085.387,11.65,4.087,2.5,86.247,0.3405838,98.0,12.38,Europe and Central Asia (WB),High-income countries,Sweden
5333.4023,58975.977,11.67,4.153,2.5,86.553,0.32832336,98.0,12.46,Europe and Central Asia (WB),High-income countries,Sweden
5512.933,59608.086,11.67,4.22,2.5,86.852,0.31640625,98.0,12.53,Europe and Central Asia (WB),High-income countries,Sweden
5637.6973,59883.668,11.67,4.269,2.5,87.146,0.3048172,97.0,12.62,Europe and Central Asia (WB),High-income countries,Sweden
5887.6436,60318.46,11.66,4.327,2.5,87.431,0.29354858,97.0,12.695,Europe and Central Asia (WB),High-income countries,Sweden
6585.5283,75354.16,16.22,4.041,2.5,73.674,0.0,96.0,13.035,Europe and Central Asia (WB),High-income countries,Switzerland
6826.2793,76189.6,16.46,4.126,2.5,73.696,0.0,96.0,13.16,Europe and Central Asia (WB),High-income countries,Switzerland
7221.0547,76566.08,16.89,4.197,2.5,73.718,0.0,96.0,13.27,Europe and Central Asia (WB),High-income countries,Switzerland
7605.0615,77301.21,17.34,4.251,2.5,73.739,0.0,96.0,13.2,Europe and Central Asia (WB),High-income countries,Switzerland
7812.738,77626.91,17.54,4.298,2.5,73.761,0.0,96.0,13.295,Europe and Central Asia (WB),High-income countries,Switzerland
7944.556,79261.36,17.92,4.339,2.5,73.797,0.0,96.0,13.39,Europe and Central Asia (WB),High-income countries,Switzerland
519.09296,18242.426,,,8.5,46.193,1.404396,99.0,7.67,East Asia and Pacific (WB),Upper-middle-income countries,Thailand
555.9257,18324.615,,,7.9,46.943,1.1269302,99.0,7.82,East Asia and Pacific (WB),Upper-middle-income countries,Thailand
593.7427,18811.998,2.315,0.455,7.4,47.694,0.85378265,99.0,7.97,East Asia and Pacific (WB),Upper-middle-income countries,Thailand
637.0692,19370.61,2.708,0.435,7.3,48.448,0.5849533,99.0,8.12,East Asia and Pacific (WB),Upper-middle-income countries,Thailand
652.86774,20094.678,2.887,0.788,7.3,49.2,0.38291168,99.0,8.15,East Asia and Pacific (WB),Upper-middle-income countries,Thailand
697.67035,20879.902,2.693,0.786,7.0,49.949,0.3131714,97.0,8.18,East Asia and Pacific (WB),Upper-middle-income countries,Thailand
210.05238,5951.6943,3.81,0.514,,23.382,0.643837,99.0,10.896735,East Asia and Pacific (WB),Upper-middle-income countries,Tonga
273.2029,6096.869,,,,23.328,0.60598755,98.0,10.900103,East Asia and Pacific (WB),Upper-middle-income countries,Tonga
302.09076,6639.1367,,,,23.222,0.53053284,96.0,10.906837,East Asia and Pacific (WB),Upper-middle-income countries,Tonga
343.8952,6862.6685,,,,23.169,0.49290466,99.0,10.910205,East Asia and Pacific (WB),Upper-middle-income countries,Tonga
384.158,6896.042,3.916,,,23.131,0.4553833,99.0,10.913572,East Asia and Pacific (WB),Upper-middle-income countries,Tonga
1448.86,38033.9,,,6.5,53.53,1.5219421,92.0,10.711332,Latin America and Caribbean (WB),High-income countries,Trinidad and Tobago
1480.9436,39299.086,,,6.6,53.413,1.1346741,92.0,10.7369995,Latin America and Caribbean (WB),High-income countries,Trinidad and Tobago
1596.7928,38951.926,3.269,2.487,6.8,53.319,0.7473984,96.0,10.762666,Latin America and Caribbean (WB),High-income countries,Trinidad and Tobago
1728.522,35955.5,3.998,,6.8,53.25,0.3601303,97.0,10.788332,Latin America and Caribbean (WB),High-income countries,Trinidad and Tobago
1764.531,34153.883,5.315,3.15,6.9,53.205,0.0,89.0,10.813998,Latin America and Caribbean (WB),High-income countries,Trinidad and Tobago
1752.6511,33753.594,3.825,3.849,7.0,53.184,0.0,99.0,10.839664,Latin America and Caribbean (WB),High-income countries,Trinidad and Tobago
689.6856,12587.981,,,3.5,67.495,3.5187454,98.0,5.94,"Middle East, North Africa, Afghanistan and Pakistan (WB)",Upper-middle-income countries,Tunisia
697.7954,12823.989,2.566,1.236,3.3,67.772,3.2489548,98.0,6.1099997,"Middle East, North Africa, Afghanistan and Pakistan (WB)",Upper-middle-income countries,Tunisia
974.6654,23756.273,2.52,1.747,2.5,72.531,2.0424042,98.0,6.76,Europe and Central Asia (WB),Upper-middle-income countries,Turkey
1031.172,24595.7,2.5,1.736,2.5,73.077,1.8779602,96.0,6.93,Europe and Central Asia (WB),Upper-middle-income countries,Turkey
1040.5676,25746.432,2.585,1.774,2.5,73.611,1.7170944,97.0,7.1,Europe and Central Asia (WB),Upper-middle-income countries,Turkey
1110.5795,26246.494,2.535,1.788,2.5,74.134,1.5596848,98.0,7.27,Europe and Central Asia (WB),Upper-middle-income countries,Turkey
1139.1027,27851.982,2.679,1.827,2.5,74.644,1.4056625,96.0,7.45,Europe and Central Asia (WB),Upper-middle-income countries,Turkey
1124.656,28305.46,2.981,1.849,2.5,75.143,1.2548828,98.0,7.66,Europe and Central Asia (WB),Upper-middle-income countries,Turkey
592.8501,11633.291,4.29,2.135,4.0,49.541,2.590683,98.0,10.558025,Europe and Central Asia (WB),Upper-middle-income countries,Turkmenistan
667.3593,12544.398,4.273,2.147,3.5,49.921,1.9870987,98.0,10.560138,Europe and Central Asia (WB),Upper-middle-income countries,Turkmenistan
771.9932,13057.83,4.266,2.128,3.3,50.317,1.3931427,99.0,10.56225,Europe and Central Asia (WB),Upper-middle-income countries,Turkmenistan
817.40204,13552.848,4.228,2.123,3.3,50.728,0.80872345,98.0,10.616315,Europe and Central Asia (WB),Upper-middle-income countries,Turkmenistan
885.91113,14107.667,4.206,2.147,3.4,51.153,0.24591827,99.0,10.670381,Europe and Central Asia (WB),Upper-middle-income countries,Turkmenistan
897.47845,14648.136,4.148,2.162,3.5,51.593,0.0,99.0,10.724445,Europe and Central Asia (WB),Upper-middle-income countries,Turkmenistan
2969.581,69806.95,3.511,1.83,4.6,85.066,0.11959076,98.0,10.339644,"Middle East, North Africa, Afghanistan and Pakistan (WB)",High-income countries,United Arab Emirates
2989.6194,69409.04,4.128,2.081,4.5,85.375,0.0960083,99.0,10.374599,"Middle East, North Africa, Afghanistan and Pakistan (WB)",High-income countries,United Arab Emirates
2483.5417,70234.734,5.176,2.297,4.6,85.674,0.072250366,99.0,10.409555,"Middle East, North Africa, Afghanistan and Pakistan (WB)",High-income countries,United Arab Emirates
2671.5332,70573.99,5.757,2.468,4.4,85.965,0.048324585,99.0,10.44451,"Middle East, North Africa, Afghanistan and Pakistan (WB)",High-income countries,United Arab Emirates
2802.0776,68871.85,5.945,2.548,4.2,86.248,0.024238586,97.0,11.62,"Middle East, North Africa, Afghanistan and Pakistan (WB)",High-income countries,United Arab Emirates
2936.619,68854.97,6.035,2.664,3.6,86.522,0.0,99.0,11.93,"Middle East, North Africa, Afghanistan and Pakistan (WB)",High-income countries,United Arab Emirates
4000.6292,48083.805,8.407,2.706,2.5,82.102,0.0,95.0,12.75,Europe and Central Asia (WB),High-income countries,United Kingdom
4103.748,49250.56,8.406,2.742,2.5,82.365,0.0,95.0,12.84,Europe and Central Asia (WB),High-income countries,United Kingdom
4197.038,49983.348,8.38,2.773,2.5,82.626,0.0,95.0,12.946667,Europe and Central Asia (WB),High-income countries,United Kingdom
4320.1377,50540.88,8.356,2.783,2.5,82.886,0.0,94.0,13.053333,Europe and Central Asia (WB),High-income countries,United Kingdom
4435.1206,51601.14,8.307,2.814,2.5,83.143,0.0,94.0,13.16,Europe and Central Asia (WB),High-income countries,United Kingdom
4598.772,52071.27,8.538,2.834,2.5,83.398,0.0,94.0,13.256666,Europe and Central Asia (WB),High-income countries,United Kingdom
8411.429,61958.723,11.03,,2.5,81.299,0.7351074,94.0,13.21,North America (WB),High-income countries,United States
8796.183,63018.805,11.1,,2.5,81.483,0.6523514,95.0,13.25,North America (WB),High-income countries,United States
9200.858,64359.473,11.22,,2.5,81.671,0.5706711,95.0,13.28,North America (WB),High-income countries,United States
9536.206,65017.656,11.53,,2.5,81.862,0.49010468,95.0,13.38,North America (WB),High-income countries,United States
9822.379,66155.555,14.37,,2.5,82.058,0.4106598,94.0,13.45487,North America (WB),High-income countries,United States
10182.256,67719.766,15.45,2.57,2.5,82.256,0.33241272,94.0,13.53,North America (WB),High-income countries,United States
1709.5056,28119.482,,,2.5,94.843,0.5997696,95.0,8.74,Latin America and Caribbean (WB),High-income countries,Uruguay
1785.4149,28935.098,,,2.5,94.945,0.46352386,95.0,8.85,Latin America and Caribbean (WB),High-income countries,Uruguay
1845.0309,28941.629,,,2.5,95.045,0.33049774,95.0,8.91,Latin America and Caribbean (WB),High-income countries,Uruguay
1973.8561,29332.566,,3.968,2.5,95.144,0.20057678,95.0,8.97,Latin America and Caribbean (WB),High-income countries,Uruguay
2058.7637,29762.434,,4.961,2.5,95.24,0.07373047,93.0,9.09,Latin America and Caribbean (WB),High-income countries,Uruguay
2156.6958,29757.94,10.06,,2.5,95.334,0.0,91.0,9.17,Latin America and Caribbean (WB),High-income countries,Uruguay
,,,,2.5,88.133,4.5975266,82.0,9.71,Latin America and Caribbean (WB),Upper-middle-income countries,Venezuela
,,,,3.8,88.144,4.775505,78.0,9.84,Latin America and Caribbean (WB),High-income countries,Venezuela
,,,,11.1,88.154,4.953491,87.0,9.97,Latin America and Caribbean (WB),Upper-middle-income countries,Venezuela
,,,,17.2,88.165,5.1314774,84.0,10.6,Latin America and Caribbean (WB),Upper-middle-income countries,Venezuela
,,1.934,1.664,23.4,88.183,5.3094635,66.0,10.421252,Latin America and Caribbean (WB),Upper-middle-income countries,Venezuela
,,2.001,,23.2,88.208,5.4874496,60.0,10.242504,Latin America and Caribbean (WB),Upper-middle-income countries,Venezuela
